id;PROVINCIA;ADDRESS;Latitude;Longitude
A Corunia Tren;A Corunia;Estacion de Corunia;43.3525485;-8.409987300000001
A Corunia Bus;A Corunia;Estacion de Autobuses de Corunia;43.3532682;-8.405151199999999
Albacete Tren;Albacete;Estacion de Albacete;38.99983020000001;-1.8483506
Albacete Bus;Albacete;Estacion de Autobuses de Albacete;38.99863970000001;-1.8473699000000001
Alicante Tren;Alicante;Estacion de Alicante;38.3445234;-0.4949254
Alicante Bus;Alicante;Estacion de Autobuses de Alicante;38.3375356;-0.49151140000000004
Almeria Tren;Almeria;Estacion de Almeria;36.8351367;-2.4553867
Avila Tren;Avila;Estacion de Avila;40.657255;-4.683312
Avila Bus;Avila;Estacion de Autobuses de Avila;40.6591144;-4.6824496999999985
Badajoz Tren;Badajoz;Estacion de Badajoz;38.8906934;-6.9817529999999985
Badajoz Bus;Badajoz;Estacion de Autobuses de Badajoz;38.86687020000001;-6.974548700000001
Barcelona Tren;Barcelona;Estacion de Barcelona;41.3792034;2.1400062
Barcelona Bus;Barcelona;Estacion de Autobuses de Barcelona;41.3947292;2.1826047
Bilbao Tren;Bilbao;Estacion de Bilbao;43.26022409999999;-2.9282161
Bilbao Bus;Bilbao;Estacion de Autobuses de Bilbao;43.260356;-2.9491704
Burgos Tren;Burgos;Estacion de Burgos;42.371196999999995;-3.6663080000000003
Burgos Bus;Burgos;Estacion de Autobuses de Burgos;42.33827;-3.7012699999999996
Caceres Tren;Caceres;Estacion de Caceres;39.461131;-6.385679
Caceres Bus;Caceres;Estacion de Autobuses de Caceres;39.45671;-6.3835
Cadiz Tren;Cadiz;Estacion de Cadiz;36.52839549999999;-6.2876058
Cadiz Bus;Cadiz;Estacion de Autobuses de Cadiz;36.5269719;-6.286203400000001
Castellon Tren;Castellon;Estacion de Castellon;39.988331099999996;-0.052275300000000004
Castellon Bus;Castellon;Estacion de Autobuses de Castellon;39.989346399999995;-0.0513273
Ciudad Real Tren;Ciudad Real;Estacion de Ciudad Real;38.9848451;-3.913199499999999
Ciudad Real Bus;Ciudad Real;Estacion de Autobuses de Ciudad Real;38.979321;-3.9299129999999995
Cordoba Tren;Cordoba;Estacion de Cordoba;37.8884888;-4.7895246
Cordoba Bus;Cordoba;Estacion de Autobuses de Cordoba;37.889202399999995;-4.7895843000000005
Cuenca Tren;Cuenca;Estacion de Cuenca;40.06734;-2.136471
Cuenca Bus;Cuenca;Estacion de Autobuses de Cuenca;40.066885299999996;-2.1350481
Girona Tren;Girona;Estacion de Girona;41.9793477;2.8169214
Girona Bus;Girona;Estacion de Autobuses de Girona;41.979029499999996;2.8154452
Granada Tren;Granada;Estacion de Granada;37.184038;-3.609154
Granada Bus;Granada;Estacion de Autobuses de Granada;37.199694;-3.613654
Guadalajara Tren;Guadalajara;Estacion de Guadalajara;40.6440624;-3.1821188
Guadalajara Bus;Guadalajara;Estacion de Autobuses de Guadalajara;40.63636839999999;-3.1732084
Huelva Tren;Huelva;Estacion de Huelva;37.2530782;-6.9509813
Huelva Bus;Huelva;Estacion de Autobuses de Huelva;37.257466799999996;-6.957569199999999
Huesca Tren;Huesca;Estacion de Huesca;42.1327339;-0.40967700000000007
Huesca Bus;Huesca;Estacion de Autobuses de Huesca;42.133431200000004;-0.4094981
Jaen Tren;Jaen;Estacion de Jaen;37.779827000000004;-3.790798
Jaen Bus;Jaen;Estacion de Autobuses Jaen;37.771601000000004;-3.786711699999999
Leon Tren;Leon;Estacion de Leon;42.595299600000004;-5.5815331
Leon Bus;Leon;Estacion de Autobuses de Leon;42.593361200000004;-5.5791496
Lerida Tren;Lerida;Estacion de Lerida;41.620813399999996;0.6328031999999999
Lerida Bus;Lerida;Estacion de Autobuses de Lerida;41.6117589;0.6232932999999999
Logrono Tren;Logrono;Estacion de Logronio;42.45761829999999;-2.4407417000000002
Logrono Bus;Logrono;Estacion de Autobuses de Logronio;42.459959399999995;-2.4446677
Lugo Tren;Lugo;Estacion de Lugo;43.0150924;-7.5521118000000005
Lugo Bus;Lugo;Estacion de Autobuses de Lugo;43.0082343;-7.553815200000002
Madrid Tren;Madrid;Estacion de Madrid;40.406747700000004;-3.691094
Madrid Bus;Madrid;Estacion de Autobuses de Madrid;40.3945629;-3.6788053
Malaga Tren;Malaga;Estacion de Malaga;36.7119472;-4.4319087999999995
Malaga Bus;Malaga;Estacion de Autobuses de Malaga;36.71293;-4.43405
Murcia Tren;Murcia;Estacion de Murcia;37.9862619;-1.131522
Murcia Bus;Murcia;Estacion de Autobuses de Murcia;37.974790000000006;-1.1395042
Ourense Tren;Ourense;Estacion de Ourense;42.3503961;-7.8728186
Ourense Bus;Ourense;Estacion de Autobuses de Ourense;42.35241;-7.8792009999999975
Oviedo Tren;Oviedo;Estacion de Oviedo;43.366323;-5.854871
Oviedo Bus;Oviedo;Estacion de Autobuses de Oviedo;43.3694984;-5.850729900000001
Palencia Tren;Palencia;Estacion de Palencia;42.0156961;-4.5339163000000005
Palencia Bus;Palencia;Estacion de Autobuses de Palencia;42.016319;-4.536174900000001
Pamplona Tren;Pamplona;Estacion de Pamplona;42.8249816;-1.6614326000000001
Pamplona Bus;Pamplona;Estacion de Autobuses de Pamplona;42.81201110000001;-1.6456075000000001
Pontevedra Tren;Pontevedra;Estacion de Pontevedra;42.4217656;-8.6358269
Pontevedra Bus;Pontevedra;Estacion de Autobuses de Pontevedra;42.4211083;-8.637262999999999
Salamanca Tren;Salamanca;Estacion de Salamanca;40.9721256;-5.648571599999999
Salamanca Bus;Salamanca;Estacion de Autobuses de Salamanca;40.9703117;-5.6748984999999985
San Sebastian Tren;San Sebastian;Estacion de San Sebastian;43.31751989999999;-1.9774054
Santander Tren;Santander;Estacion de Santander;43.459149;-3.811547
Santander Bus;Santander;Estacion de Autobuses de Santander;43.459518;-3.80968
Segovia Tren;Segovia;Estacion de Segovia;40.934233899999995;-4.1135259
Segovia Bus;Segovia;Estacion de Autobuses de Segovia;40.945116399999996;-4.1219838
Sevilla Tren;Sevilla;Estacion de Sevilla;37.391863;-5.975339
Sevilla Bus;Sevilla;Estacion de Autobuses de Sevilla;37.391871200000004;-6.003953099999999
Soria Tren;Soria;Estacion de Soria;41.754754;-2.476537
Soria Bus;Soria;Estacion de Autobuses de Soria;41.7670715;-2.4793088
Tarragona Tren;Tarragona;Estacion de Tarragona;41.1115805;1.2531168
Tarragona Bus;Tarragona;Estacion de Autobuses de Tarragona;41.1182497;1.2442946000000001
Teruel Tren;Teruel;Estacion de Teruel;40.341817;-1.1044234
Teruel Bus;Teruel;Estacion de Autobuses de Teruel;40.341817;-1.1044234
Toledo Tren;Toledo;Estacion de Toledo;39.8623634;-4.0111884999999985
Toledo Bus;Toledo;Estacion de Autobuses de Toledo;39.8658304;-4.0203875999999985
Valencia Tren;Valencia;Estacion de Valencia;39.459493200000004;-0.3824848
Valencia Bus;Valencia;Estacion de Autobuses de Valencia;39.480658;-0.3872928
Valladolid Tren;Valladolid;Estacion de Valladolid;41.642055;-4.7269042
Valladolid Bus;Valladolid;Estacion de Autobuses de Valladolid;41.6414043;-4.732189599999999
Vitoria Tren;Vitoria;Estacion de Vitoria;42.8415153;-2.6726526
Vitoria Bus;Vitoria;Estacion de Autobuses de Vitoria;42.85911;-2.6844099999999997
Zamora Tren;Zamora;Estacion de Zamora;41.5018964;-5.7511788
Zamora Bus;Zamora;Estacion de Autobuses de Zamora;41.5139361;-5.739047800000002
Zaragoza Tren;Zaragoza;Estacion de Zaragoza;41.65869379999999;-0.911226
Zaragoza Bus;Zaragoza;Estacion de Autobuses de Zaragoza;41.65940579999999;-0.9112306
punto_recarga_1;MÃ¡laga;Calle JosÃ© Saramago, 29660 Marbella, MÃ¡laga;36.4891;-4.9531
punto_recarga_2;MÃ¡laga;Calle Las Violetas, 4, 29660 Marbella, MÃ¡laga;36.48981320000001;-4.9616535000000015
punto_recarga_3;MÃ¡laga;42 Calle Ribera Marbella 29660 ES;36.48600020000001;-4.9544023
punto_recarga_4;MÃ¡laga;Plaza de Cibeles, s/n, 29660 Marbella, MÃ¡laga;36.509707;-4.979749
punto_recarga_5;MÃ¡laga;Hotel Benabola, 3 Calle Benabola, Calle Benabola, 29660 Marbella, MÃ¡laga;36.485294;-4.9549059999999985
punto_recarga_6;MÃ¡laga;Calle RamÃ³n Areces, s/n, 29660 Marbella, MÃ¡laga;36.489937;-4.952054
punto_recarga_7;MÃ¡laga;Av de Sor Teresa Prat, 11, 29003 MÃ¡laga;36.7003502;-4.4391644999999995
punto_recarga_8;MÃ¡laga;Av. de VelÃ¡zquez, 389, 29004 MÃ¡laga;36.658543;-4.4827249999999985
punto_recarga_9;MÃ¡laga;29010 MÃ¡laga;36.7187625;-4.49456
punto_recarga_10;MÃ¡laga;Carretera Ronda-Algeciras, Km 1.5, 29400 Ronda, MÃ¡laga;36.7209434;-5.1724185999999985
punto_recarga_11;MÃ¡laga;29003 MÃ¡laga;36.704313899999995;-4.4401361
punto_recarga_12;MÃ¡laga;29010 MÃ¡laga;36.7188333;-4.4943306
punto_recarga_13;MÃ¡laga;Av. AndalucÃ­a, 31, 29400 Ronda, MÃ¡laga;36.7484192;-5.161958400000001
punto_recarga_14;MÃ¡laga;Av. de AndalucÃ­a, 169, D, 29740 Torre del Mar, MÃ¡laga;36.7372871;-4.1018186000000005
punto_recarga_15;MÃ¡laga;Av. de VelÃ¡zquez, 103, 29004 MÃ¡laga;36.6915103;-4.455984700000001
punto_recarga_16;MÃ¡laga;29003 MÃ¡laga;36.699737299999995;-4.4460788
punto_recarga_17;MÃ¡laga;29510 Barriada EstaciÃ³n, MÃ¡laga;36.819959999999995;-4.6997452000000015
punto_recarga_18;MÃ¡laga;29510 Barriada EstaciÃ³n, MÃ¡laga;36.8210519;-4.6996915
punto_recarga_19;MÃ¡laga;Av. de los Guindos, 112, 29004 MÃ¡laga;36.689698;-4.4428559000000005
punto_recarga_20;MÃ¡laga;29510 Barriada EstaciÃ³n, MÃ¡laga;36.82086109999999;-4.699561099999999
punto_recarga_21;MÃ¡laga;Calle Alfonso XIII, 5, 29640 Fuengirola, MÃ¡laga;36.5415;-4.62293
punto_recarga_22;JaÃ©n;Plaza AndalucÃ­a, s/n, 23400 Ãbeda, JaÃ©n;38.0109412;-3.3718719
punto_recarga_23;JaÃ©n;Av. de AndalucÃ­a, S.N, D, 23680 AlcalÃ¡ la Real, JaÃ©n;37.4506807;-3.9208746
punto_recarga_24;JaÃ©n;Plaza AndalucÃ­a, S/N, 23400 Ãbeda, JaÃ©n;38.0109523;-3.3718635000000003
punto_recarga_25;JaÃ©n;Calle San JosÃ©, 23400 Ãbeda, JaÃ©n;38.0123843;-3.3785089
punto_recarga_26;Granada;AndalucÃ­a Plaza, 4, 18196 Sierra Nevada, Granada;37.09317;-3.3993290000000003
punto_recarga_27;Granada;Calle SÃ³crates, 0, 18002 Granada;37.176527;-3.6051019999999996
punto_recarga_28;Granada;Avenida AndalucÃ­a, S/N, 18015 Granada;37.198289;-3.636791000000001
punto_recarga_29;Granada;Avenida de AndalucÃ­a, s/n BO PP-I5 Fatinafar I, 18015 Granada;37.197532700000004;-3.6412093
punto_recarga_30;Granada;Av. de AndalucÃ­a, s/n, 18015 Granada;37.198033;-3.6449265
punto_recarga_31;Granada;Av. de Juan Pablo II, s/n, 18014 Granada;37.199694;-3.613654
punto_recarga_32;Granada;Av. de Andaluces, S/N, 18014 Granada;37.1839999;-3.6091361000000006
punto_recarga_33;Sevilla;3 Av. Molini Cirve, 41012;37.379102;-6.0011959999999975
punto_recarga_34;Sevilla;Calle Betis, 41010 Sevilla;37.385515999999996;-6.002879
punto_recarga_35;Sevilla;Calle Cordoba, 15, 41550 Aguadulce, Sevilla;37.256868299999994;-4.986181299999998
punto_recarga_36;Sevilla;SE-766, 41590 La Roda de AndalucÃ­a, Sevilla;37.2093876;-4.7750433
punto_recarga_37;Sevilla;41400 Sevilla;37.3868593;-5.999740099999999
punto_recarga_38;Sevilla;Av. de AndalucÃ­a, 11, 41007 Sevilla;37.3871876;-5.9458237
punto_recarga_39;Sevilla;Virgen Del Carmen, 1, 41420 Fuentes de AndalucÃ­a, Sevilla;37.464864;-5.342735999999999
punto_recarga_40;Sevilla;N-334, 124,8 IZ, 41590 La Roda de AndalucÃ­a, Sevilla;37.2144208;-4.777266300000001
punto_recarga_41;Sevilla;Sevilla;37.391138500000004;-5.9754708
punto_recarga_42;Sevilla;41007, Calle Joaquin Morales y Torres, 41003 Sevilla;37.391863;-5.975339
punto_recarga_43;Sevilla;A-92 Km. 1,50 I, 41020 Sevilla;37.3870273;-5.9350013
punto_recarga_44;Sevilla;Calle Reconquista de Sevilla, 15, 39770 Laredo, Cantabria;43.4102385;-3.4128642
punto_recarga_45;Madrid;Av. Ada Lovelace, 23, 28906 Getafe, Madrid;40.2903543;-3.6963012
punto_recarga_46;Madrid;28597 FuentidueÃ±a de Tajo, Madrid;40.1201168;-3.1522568
punto_recarga_47;Madrid;Plaza de San Cayetano, s/n, 28028 Madrid;40.434275899999996;-3.670748
punto_recarga_48;Madrid;Av. de EspaÃ±a, 18, 28941 Fuenlabrada, Madrid;40.292186;-3.7981769999999995
punto_recarga_49;Madrid;Calle Colegios, 8, 28801 AlcalÃ¡ de Henares, Madrid;40.48154810000001;-3.3608592000000006
punto_recarga_50;Madrid;Av. Madrid-Lisboa, km399, 06008 Badajoz;38.8745699;-6.954619900000001
punto_recarga_51;Badajoz;06200 Almendralejo, Badajoz;38.7099152;-6.400288700000001
punto_recarga_52;Badajoz;Paseo de Extremadura, 2, 06260 Monesterio, Badajoz;38.093548;-6.276211
punto_recarga_53;Badajoz;06800 MÃ©rida, Badajoz;38.921110799999994;-6.3757005
punto_recarga_54;Badajoz;Av. de Elvas, S/N, 06006 Badajoz;38.8851783;-7.021799400000001
punto_recarga_55;Badajoz;Av. Extremadura, 15, 06800 MÃ©rida, Badajoz;38.920492100000004;-6.3406037
punto_recarga_56;Badajoz;AVDA. DE EXTREMADURA, 76, 06810 Calamonte, Badajoz;38.8944266;-6.3865652000000015
punto_recarga_57;Badajoz;Av. de Extremadura, 67, 06910 Granja de Torrehermosa, Badajoz;38.3048287;-5.5942777
punto_recarga_58;Badajoz;Av. de Extremadura, S.N, 06850 Arroyo de San ServÃ¡n, Badajoz;38.86095570000001;-6.454535799999999
punto_recarga_59;Badajoz;Av. Extremadura, S/n, 06420 Castuera, Badajoz;38.729667;-5.545652
punto_recarga_60;Badajoz;El Faro del Guadiana Shopping Centre, Av. de Elvas, s/n, 06006 Badajoz;38.8838177;-7.0223014999999975
punto_recarga_61;Badajoz;Calle Cardero, S/N, 06800 MÃ©rida, Badajoz;38.9213911;-6.343072900000001
punto_recarga_62;Palencia;Calle AndalucÃ­a, 169, 34004 Palencia;41.990766;-4.511121
punto_recarga_63;Palencia;Calle Obispo NicolÃ¡s Castellanos, 1, Entreplanta C Izquierda, 34001 Palencia;42.013238799999996;-4.5337654
punto_recarga_64;Palencia;Calle Extremadura, 13, 34004 Palencia;42.004862;-4.518477
punto_recarga_65;Ciudad Real;Carretera N-iv K-173,100, 29, 13200 Manzanares, Cdad. Real;39.0063666;-3.3832406
punto_recarga_66;Ciudad Real;Area de Servicio Taray, 13210 Villarta de San Juan, Cdad. Real;39.250521899999995;-3.430358
punto_recarga_67;Ciudad Real;N-430, 309, 13005 Ciudad Real, Cdad. Real;38.9873468;-3.914091200000001
punto_recarga_68;Ciudad Real;no name, Calle de Pedro Oviedo, 8, 13270 Almagro, Cdad. Real;38.888267;-3.7173870000000004
punto_recarga_69;Murcia;2 TravesÃ­a, Calle Torre Ãlvarez, 1, 30007 Murcia;37.997741;-1.1360860000000002
punto_recarga_70;Murcia;PolÃ­gono Ascoy, 11B, 30530 Cieza, Murcia;38.25940900000001;-1.433424
punto_recarga_71;Murcia;Salida 606, AutovÃ­a del MediterrÃ¡neo, 30848;37.793808;-1.428134
punto_recarga_72;Murcia;Calle Mallorca, 21, 30730 San Javier, Murcia;37.7951474;-0.8385684000000001
punto_recarga_73;Murcia;Paseo Alfonso XIII, 30203 Cartagena, Murcia;37.60692279999999;-0.9823205
punto_recarga_74;Murcia;Plaza de Carruajes, 30800 Lorca, Murcia;37.6719381;-1.6966689
punto_recarga_75;Murcia;Av. Juan Carlos I, 2, 30400 Caravaca de la Cruz, Murcia;38.102619;-1.8668189999999998
punto_recarga_76;Valencia;Carrer de JosÃ© Pomer, 3, 46920 Mislata, Valencia;39.475418299999994;-0.41828919999999997
punto_recarga_77;Valencia;Unnamed Road, 46340, 46340, Valencia;39.4898665;-1.1085473
punto_recarga_78;Valencia;46711 Miramar, Valencia, Valencia;38.9483404;-0.1410664
punto_recarga_79;Valencia;46317 Villargordo del Cabriel, Valencia;39.52891629999999;-1.4335149
punto_recarga_80;Valencia;Avinguda de Les Moreres, 46500 Sagunt, Valencia;39.674211299999996;-0.2635329
punto_recarga_81;Valencia;Carrer de la Casa d'Osca, 3, 46870 Ontinyent, Valencia;38.8586433;-0.5826854
punto_recarga_82;CÃ¡diz;Calle San NicolÃ¡s, 4, 11002 CÃ¡diz;36.52945;-6.301842
punto_recarga_83;CÃ¡diz;11401 Jerez de la Frontera, CÃ¡diz;36.6795451;-6.126471
punto_recarga_84;CÃ¡diz;Av. Astilleros, 302, 11007 CÃ¡diz;36.5269719;-6.2862034000000016
punto_recarga_85;CÃ¡diz;Calle San Bernardo, 1B, 11207 Algeciras, CÃ¡diz;36.12594770000001;-5.4478547
punto_recarga_86;CÃ¡diz;11 11510, Ctra. de CircunvalaciÃ³n, 9, 11510 Puerto Real, CÃ¡diz;36.5309599;-6.185581299999999
punto_recarga_87;CÃ³rdoba;Glorieta Tres Culturas, s/n, 14011 CÃ³rdoba;37.8884888;-4.7895246
punto_recarga_88;CÃ³rdoba;Calle Ingeniero Torres Quevedo, s/n, PolÃ­gono Industrial La Torrecilla, 14013 CÃ³rdoba;37.851986600000004;-4.7919383999999985
punto_recarga_89;AlmerÃ­a;04760 Berja, AlmerÃ­a;36.84064;-2.9473
punto_recarga_90;AlmerÃ­a;04700 El Ejido, AlmerÃ­a;36.77304;-2.80813
punto_recarga_91;AlmerÃ­a;04729 Enix, AlmerÃ­a;36.877269399999996;-2.601775
punto_recarga_92;AlmerÃ­a;1470, N-340a, 04410 Benahadux;37.655001;-1.711529
punto_recarga_93;Huesca;Plaza de AragÃ³n, 22300 Barbastro, Huesca;42.035351;0.1213713
punto_recarga_94;Huesca;Plaza Cortes de AragÃ³n, 5, 22700 Jaca, Huesca;42.5695049;-0.5510974000000001
punto_recarga_95;Huesca;Av. de Aragon, S/N, 22500 BinÃ©far, Huesca;41.84975479999999;0.29138600000000003
punto_recarga_96;Huesca;Calle, Ronda de AragÃ³n, S/N, 22260 GraÃ±Ã©n, Huesca;41.937981;-0.3693002
punto_recarga_97;Huesca;Calle Corona de AragÃ³n, 52 IZ, 22300 Barbastro, Huesca;42.0346932;0.1282539
punto_recarga_98;Huesca;22880 Canfranc-EstaciÃ³n, Huesca;42.751471;-0.514641
punto_recarga_99;Huesca;22800 Ayerbe, Huesca;42.27561;-0.682569
punto_recarga_100;Zaragoza;Calle de San Roque, 1, 6, 50230 Alhama de AragÃ³n, Zaragoza;41.294603;-1.8968939999999999
punto_recarga_101;Zaragoza;Camino de la Paridera de Costa, 50012 Zaragoza;41.624111799999994;-1.0109892
punto_recarga_102;Zaragoza;Av. de Casablanca, 11, 50019 Zaragoza;41.6231572;-0.9392437
punto_recarga_103;Zaragoza;Calle Teatro MalibrÃ¡n, 28, 50021 Zaragoza;41.6077;-0.8914
punto_recarga_104;Zaragoza;AutovÃ­a de LogroÃ±o, 0,300, 50011 Zaragoza;41.6604005;-0.9250773000000001
punto_recarga_105;Zaragoza;Calle Carr. de madrid, 50220 Ariza, Zaragoza;41.3131364;-2.0026174
punto_recarga_106;Zaragoza;Av. de Salvador Allende, 105, Local, 50015 Zaragoza;41.67785960000001;-0.8722631999999999
punto_recarga_107;Zaragoza;Carretera Estacion Ferrocarril, S/N, 50230 Alhama de AragÃ³n, Zaragoza;41.2943278;-1.9043271000000002
punto_recarga_108;Zaragoza;A-68, P.K. 258,25 DE, 50692 Villarrapa, Zaragoza;41.74049249999999;-1.0789535
punto_recarga_109;Zaragoza;50400 CariÃ±ena, Zaragoza;41.335586;-1.228422
punto_recarga_110;Zaragoza;Av. Navarra, 80, 50011 Zaragoza;41.65869379999999;-0.911226
punto_recarga_111;Zaragoza;Unnamed Road, Zaragoza;41.6772633;-0.9442944
punto_recarga_112;Zaragoza;A-2, Km 202, 50292 Cetina, Zaragoza;41.3027424;-1.9457493000000001
punto_recarga_113;Zaragoza;Calle Rioja, 33, 50011 Zaragoza;41.657846899999996;-0.9091052
punto_recarga_114;Zaragoza;50700 Caspe, Zaragoza;41.239738;-0.042700999999999996
punto_recarga_115;Zaragoza;50650, Zaragoza;41.867164;-1.321342
punto_recarga_116;Zaragoza;50640 Luceni, Zaragoza;41.826116;-1.243536
punto_recarga_117;Zaragoza;Cr N-330, 491,9 I, 50019 Zaragoza;41.6210922;-0.9150136
punto_recarga_118;Zaragoza;Av. Isla de Murano, S.N, 50021 Zaragoza;41.6097869;-0.8819564999999999
punto_recarga_119;Zaragoza;Av. de la IlustraciÃ³n, 1, 50012 Zaragoza;41.62685949999999;-0.9227648999999999
punto_recarga_120;Zaragoza;AutovÃ­a de LogroÃ±o. p.k.0.300, 50011 Zaragoza;41.6604906;-0.9255567999999998
punto_recarga_121;Zaragoza;Local, Carr. Zaragoza, 20, 31500;42.0355435;-1.5885234
punto_recarga_122;Zaragoza;Av. Zaragoza, 20, 31397 Campanas, Navarra;42.688371999999994;-1.6518488999999998
punto_recarga_123;Tarragona;43896 L'Aldea, Tarragona;40.7529908;0.6064046999999999
punto_recarga_124;Tarragona;43783, Tarragona;41.225031200000004;0.35111190000000003
punto_recarga_125;Tarragona;Av. de les Comarques Catalanes, 2, 43740 MÃ³ra d'Ebre, Tarragona;41.089721000000004;0.6433639999999999
punto_recarga_126;Tarragona;PlaÃ§a de Catalunya, 15, 43770 MÃ³ra la Nova, Tarragona;41.097721;0.648795
punto_recarga_127;Tarragona;43004 Tarragona;41.1115;1.2528920000000001
punto_recarga_128;Tarragona;Av. dels PaÃ¯sos Catalans, 38, 43206 Reus, Tarragona;41.155294899999994;1.0970628
punto_recarga_129;Navarra;Ctra. Corella, 2, 31500 Tudela, Navarra;42.062333100000004;-1.6200549
punto_recarga_130;Navarra;Av. San Ignacio, 10, 31002 Pamplona, Navarra;42.8140125;-1.6430653000000002
punto_recarga_131;Navarra;Calle Carlos VII, 22, 31200 Estella, Navarra;42.66445;-2.03245
punto_recarga_132;Navarra;Parque Senda Viva, 31513 Arguedas, Navarra;42.18844800000001;-1.579636
punto_recarga_133;La Rioja;Av. de Burgos, 49, 26006 LogroÃ±o, La Rioja;42.4615534;-2.4692679
punto_recarga_134;La Rioja;Calle Bebricio, 71, 26500 Calahorra, La Rioja;42.306587;-1.9713310000000002
punto_recarga_135;La Rioja;Av. de La Rioja, 14, 26001 LogroÃ±o, La Rioja;42.4639505;-2.4468479
punto_recarga_136;La Rioja;26330, La Rioja;42.53985000000001;-2.7785177000000005
punto_recarga_137;La Rioja;Calle Prado Viejo, 70, 26007 LogroÃ±o, La Rioja;42.45278829999999;-2.4717361
punto_recarga_138;La Rioja;Calle LÃ©rida, 1, 26006 LogroÃ±o, La Rioja;42.462715;-2.4205330000000003
punto_recarga_139;La Rioja;Paseo San JuliÃ¡n, 8, 26300 NÃ¡jera, La Rioja;42.41599799999999;-2.7313679
punto_recarga_140;La Rioja;Paseo San JuliÃ¡n, 4, 26300 NÃ¡jera, La Rioja;42.416844399999995;-2.7317457000000003
punto_recarga_141;La Rioja;Paseo de la Constitucion, 97, 26580 Arnedo, La Rioja;42.2245739;-2.108609
punto_recarga_142;La Rioja;Av. Gran VÃ­a Juan Carlos I, 26B, 26001 LogroÃ±o, La Rioja;42.463955;-2.44955
punto_recarga_143;La Rioja;Calle de Gregoria Artacho, 37, 26350 Cenicero, La Rioja;42.48172599999999;-2.6480029999999997
punto_recarga_144;La Rioja;Avenida de EspaÃ±a, 1, 26003 LogroÃ±o, La Rioja, La Rioja;42.4604484;-2.4451785
punto_recarga_145;La Rioja;Av. de ColÃ³n, 83, 26003 LogroÃ±o, La Rioja;42.4577319;-2.4409028999999998
punto_recarga_146;La Rioja;Av. del Ebro, 9, 26160 Agoncillo, La Rioja;42.435487;-2.2796662999999997
punto_recarga_147;La Rioja;Calle EstaciÃ³n del Ferrocarril, S/N, 26200 Haro, La Rioja;42.5836265;-2.8492737
punto_recarga_148;La Rioja;N-232, KM. 367, 26510 PradejÃ³n, La Rioja;42.319129;-2.0514346000000003
punto_recarga_149;La Rioja;E.S, AU AP-68 P.K. 100,00 D, 26340 San Asensio, La Rioja;42.511595899999996;-2.7543182999999996
punto_recarga_150;La Rioja;Calle Ctra. EstaciÃ³n, 49, 26509 Alcanadre, La Rioja;42.4074484;-2.1220287
punto_recarga_151;La Rioja;P.I. Cantabria I, Av. MendavÃ­a, 14, 26006 LogroÃ±o, La Rioja;42.472615999999995;-2.4169633999999998
punto_recarga_152;La Rioja;PolÃ­gono Industrial I-9 parcela 18 bis, Ctra. LogroÃ±o, Km 1, 26142 Villamediana de Iregua, La Rioja;42.447571999999994;-2.418637
punto_recarga_153;La Rioja;CR LO-20 P.K. 10,00 D, 26007 LogroÃ±o, La Rioja;42.4542539;-2.5041322999999998
punto_recarga_154;La Rioja;26200, La Rioja;42.583635;-2.849396
punto_recarga_155;La Rioja;Carretera de Lerma, Pk 376, 26320 BaÃ±os de RÃ­o TobÃ­a, La Rioja;42.351808;-2.7533689999999997
punto_recarga_156;La Rioja;Camino Berceo, s/n, 26320 BaÃ±os de RÃ­o TobÃ­a, La Rioja;42.333749;-2.763892
punto_recarga_157;La Rioja;Calle Estacion Ferrocarril, 2, 26550 RincÃ³n de Soto, La Rioja;42.2301756;-1.8477525000000001
punto_recarga_158;La Rioja;Av. del Ebro, 9, 26160 Agoncillo, La Rioja;42.437397;-2.2827436000000003
punto_recarga_159;La Rioja;Plaza CastaÃ±ares de Rioja, 26200 Haro, La Rioja;42.5732888;-2.8527583
punto_recarga_160;La Rioja;Cr, LR-113, 44, I, 26320 BaÃ±os de RÃ­o TobÃ­a, La Rioja;42.3281448;-2.7609249
punto_recarga_161;La Rioja;CR N-111 P.K. 292,00 D, 26123 Villanueva de Cameros, La Rioja;42.16631339999999;-2.6500101000000003
punto_recarga_162;La Rioja;Cr N-120, 23 D, 26315 Tricio;42.411644700000004;-2.7011844
punto_recarga_163;La Rioja;Calle TorremuÃ±a, 4, 26005 LogroÃ±o, La Rioja;42.46169949999999;-2.4549066
punto_recarga_164;La Rioja;Avda. De LogroÃ±o, 20, 26580 Arnedo, La Rioja;42.2293783;-2.0940911
punto_recarga_165;La Rioja;Carretera Nacional, 232 km 367, 26511 El Villar de Arnedo;42.318637700000004;-2.0525105
punto_recarga_166;La Rioja;Pol. Ind. Cantabria I, Calle Soto Galo, 8, 26009 LogroÃ±o, La Rioja;42.4690331;-2.4110332999999997
punto_recarga_167;La Rioja;26003 LogroÃ±o, La Rioja;42.459959399999995;-2.4446677
punto_recarga_168;La Rioja;A-12, Salida 110, 26300 NÃ¡jera, La Rioja;42.4294219;-2.7157075
punto_recarga_169;La Rioja;Auto Urbion Car Dealer, Av. de Burgos, 64, 26006 LogroÃ±o, La Rioja;42.4620475;-2.4715036
punto_recarga_170;La Rioja;97-, Calle Rivera, 103, 26151 ArrÃºbal, La Rioja;42.4302583;-2.2584736
punto_recarga_171;La Rioja;Pol. Ind. Cantabria I, Calle Barriguelo, 6, 26006 LogroÃ±o, La Rioja;42.469389899999996;-2.412632
punto_recarga_172;La Rioja;26540, La Rioja;42.186525;-1.747985
punto_recarga_173;La Rioja;c/ Prado Viejo E-F, 26007 LogroÃ±o, La Rioja;42.4556021;-2.4718713
punto_recarga_174;La Rioja;Av. de Burgos, 109, 111, 26007 LogroÃ±o, La Rioja;42.4600352;-2.4757325
punto_recarga_175;Teruel;Plaza Del, Plaza Reino de AragÃ³n, 1, 44510, Teruel;41.2243315;-0.4385412
punto_recarga_176;Teruel;44442, Teruel;40.273092;-0.985079
punto_recarga_177;Teruel;Ctra. EstaciÃ³n, 4, 44370 Cella, Teruel;40.453478600000004;-1.2447381000000002
punto_recarga_178;Asturias;Caserio la Estrecha, 35T, 33011 Oviedo, Asturias;43.3813393;-5.8294346999999975
punto_recarga_179;Asturias;Av. del Llano, 19, 33209 GijÃ³n, Asturias;43.53426839999999;-5.6603796
punto_recarga_180;Asturias;Plaza Europa, 33450 Piedras Blancas, Asturias;43.5591662;-5.9772415
punto_recarga_181;Asturias;Calle Teodoro Cuesta, 2, 33600 Mieres, Asturias;43.2488883;-5.7718986
punto_recarga_182;Asturias;Calle de Asturias, 1, 33820 Grado, Asturias;43.387464;-6.072723000000001
punto_recarga_183;Asturias;Av. de Galicia, 2, 33740 Tapia de Casariego, Asturias;43.5687179;-6.944178
punto_recarga_184;Cuenca;Av Carr del Puerto, 11, 33830 Belmonte, Asturias;43.2846217;-6.2176445
punto_recarga_185;Cuenca;Av. Adolfo SuÃ¡rez, 30, 16400 TarancÃ³n, Cuenca;40.0063516;-3.0189852000000004
punto_recarga_186;Cuenca;1 Plaza de EspaÃ±a, 16710 Atalaya del CaÃ±avate;39.538723;-2.254855
punto_recarga_187;Cuenca;2 Calle Infante Don Juan Manuel, 16640 Belmonte;39.560724;-2.702476
punto_recarga_188;Lugo;82, Posada, 33690 Lugo de Llanera;43.422419;-5.826525
punto_recarga_189;Lugo;Posada, 33192 Lugo de Llanera, Asturias;43.4228009;-5.8259548
punto_recarga_190;Lugo;Calle PeÃ±a Santa, 33192 Lugo de Llanera, Asturias;43.416616;-5.810642
punto_recarga_191;Lugo;RÃºa E, 27150, 27150, Lugo;43.1071861;-7.605576299999999
punto_recarga_192;Lugo;Av. Infanta Elena, 213, 27003 Lugo;43.0371727;-7.5688405
punto_recarga_193;Lugo;27710, Lugo;43.540431899999994;-7.0629537
punto_recarga_194;Lugo;Praza Conde de Fontao, S/N, 27003 Lugo;43.0150924;-7.5521118000000005
punto_recarga_195;Lugo;Avenida de Galicia, 41, D, 27400 Monforte de Lemos, Lugo;42.519962400000004;-7.513412100000001
punto_recarga_196;Lugo;27400 Monforte de Lemos, Lugo;42.52959110000001;-7.5034855
punto_recarga_197;Lugo;27869 Vivero, Lugo;43.6569018;-7.6003276999999985
punto_recarga_198;Lugo;27440 Canaval, Lugo;42.482882000000004;-7.587733000000001
punto_recarga_199;Lugo;Pol. Ind. Ceao, RÃºa da Industria, 41, 27003 Lugo;43.0475206;-7.571501399999999
punto_recarga_200;Cantabria;Po, Av. de Joaquin Fernandez Vallejo, 12, 39300 Torrelavega, Cantabria;43.34358870000001;-4.0463771
punto_recarga_201;Cantabria;39008 Santander, Cantabria;43.4583294;-3.8109762999999988
punto_recarga_202;Cantabria;Calle la Quinta, 27, 39750 Colindres, Cantabria;43.3936682;-3.4499529000000004
punto_recarga_203;Cantabria;Av. Ris, 64, 39180 Noja, Cantabria;43.48983399999999;-3.529208
punto_recarga_204;Cantabria;CA-131, 39547 San Vicente de la Barquera, Cantabria;43.385017;-4.3383980000000015
punto_recarga_205;Cantabria;Av. Cantabria, 23, 39400 Los Corrales de Buelna, Cantabria;43.2557701;-4.0681889
punto_recarga_206;Cantabria;N-634, 2E, 39594, Cantabria;43.374927;-4.500594
punto_recarga_207;Cantabria;56A Poligono Vega Reinosa 39200 ES;42.994414899999995;-4.131486
punto_recarga_208;Cantabria;Carretera Nacional 635, km 10,200, 39792 Heras, Cantabria;43.396309;-3.787258
punto_recarga_209;Cantabria;Av. Cantabria, 1495, 39318 CudÃ³n, Cantabria;43.41383;-4.011240000000001
punto_recarga_210;Cantabria;N-634, Pk 244, 7, 39500 CabezÃ³n de la Sal, Cantabria;43.323374;-4.193078
punto_recarga_211;Vizcaya;Retuerto Kalea, 55, 48903 Barakaldo, Bizkaia;43.287416;-3.007997
punto_recarga_212;Vizcaya;Azkue Kalea, 1, 48902 Barakaldo, Bizkaia;43.290411999999996;-2.988979
punto_recarga_213;Vizcaya;Erribera Etorbidea, 3, 48903 Barakaldo, Bizkaia;43.29184;-3.006589
punto_recarga_214;Vizcaya;Arraiz Bidea, 116, 48002 Bilbo, Bizkaia;43.2415141;-2.9604141
punto_recarga_215;Vizcaya;Av. Vizcaya, 8, 26200 Haro, La Rioja;42.584482;-2.846937
punto_recarga_216;Vizcaya;48903 Baracaldo, Vizcaya;43.2855362;-2.9957147999999996
punto_recarga_217;Vizcaya;Zankoeta Kalea, 3A, 48013 Bilbo, Bizkaia;43.2587222;-2.9477397
punto_recarga_218;Vizcaya;Erribera Etorbidea, 48902 Barakaldo, Bizkaia;43.293090899999996;-3.006481
punto_recarga_219;Vizcaya;BegoÃ±ako Andra Maria Kalea, 45, 48006 Bilbo, Bizkaia;43.259088;-2.9143276
punto_recarga_220;Vizcaya;Elcano Kalea, 9, 48008 Bilbo, Bizkaia;43.26235399999999;-2.934526
punto_recarga_221;Vizcaya;MarquÃ©s de Arriluce e Ibarra Kalea, 3006, 48992 Getxo, Bizkaia;43.3403161;-3.0162236
punto_recarga_222;Vizcaya;Tartanga Kalea, 28, 48950 Altzaga, Bizkaia;43.306994;-2.9736385
punto_recarga_223;Vizcaya;Leizaola Lehendakariaren Kalea, 5, 48011 Bilbo, Bizkaia;43.2671375;-2.9395814
punto_recarga_224;Vizcaya;Abandoibarra Etorb., 4, 48001 Bilbo, Bizkaia;43.266743;-2.94465
punto_recarga_225;Vizcaya;Etxaniz Suhiltzailearen Plaza, 48010 Bilbo, Bizkaia;43.25862070000001;-2.940371
punto_recarga_226;Vizcaya;Iturriondo Kalea, 8, 48940 Leioa, Bizkaia;43.317686200000004;-2.9917118
punto_recarga_227;Vizcaya;ArriquÃ­bar Plaza, 4, 48010 Bilbo, Bizkaia;43.25976;-2.937051
punto_recarga_228;Vizcaya;5BIS, Maria Diaz de Haro Kalea, 48920 Portugalete;43.32241;-3.018838
punto_recarga_229;Vizcaya;BegoÃ±ako Andra Maria Kalea, 47, 48006 Bilbo, Bizkaia;43.259590100000004;-2.9143576
punto_recarga_230;Vizcaya;48004 Bilbao, Vizcaya;43.248309899999995;-2.905264
punto_recarga_231;Vizcaya;N-634, 2, 48220 AbadiÃ±o, BI;43.171646;-2.6172209
punto_recarga_232;Vizcaya;Gernika Lorategia, 25, 48003 Bilbo, Bizkaia;43.249049600000006;-2.9265357999999995
punto_recarga_233;Vizcaya;Gregorio de la Revilla Zumarkalea, 54, 48009 Bilbo, Bizkaia;43.260933;-2.94057
punto_recarga_234;Vizcaya;Zabalgune Plaza, 13, 48009 Bilbo, Bizkaia;43.263490000000004;-2.931105
punto_recarga_235;Vizcaya;9 Kalea, Iturriondo Kalea, 48940 Leioa;43.318126899999996;-2.992554
punto_recarga_236;Vizcaya;Urkixo Zumarkalea, 19, 48008 Bilbo, Bizkaia;43.25996;-2.93222
punto_recarga_237;Vizcaya;PolÃ­gono Parque TecnolÃ³gico, 48170 Zamudio, BI;43.28963220000001;-2.8590636000000003
punto_recarga_238;Vizcaya;48910, BI;43.300306799999994;-3.0028701
punto_recarga_239;Vizcaya;Erribera Etorbidea, 48903 Barakaldo, Bizkaia;43.2934494;-3.0061134
punto_recarga_240;Albacete;Calle Don Quijote de la Mancha, 6, 02610 El Bonillo, Albacete;38.9524915;-2.5373962000000003
punto_recarga_241;Albacete;Av. Escritor Rodrigo Rubio, 11, 02006 Albacete;39.007791499999996;-1.8835113999999997
punto_recarga_242;Toledo;Calle Sector 12, 46P, 45280, Toledo;39.9450219;-3.9966510000000004
punto_recarga_243;Toledo;45200 Illescas, Toledo;40.1525151;-3.8363647000000003
punto_recarga_244;Toledo;Calle Valhondo, 3V, 45520 Villaluenga de la Sagra, Toledo;40.043083;-3.9172432
punto_recarga_245;Toledo;Calle Rio, 1, 45642 Cardiel de los Montes, Toledo;40.0627739;-4.653042
punto_recarga_246;Toledo;Km 57 A-4 OcaÃ±a 45300 ES;39.96833;-3.5468629999999997
punto_recarga_247;Toledo;Av. de Madrid, 1, 45950 Casarrubios del Monte, Toledo;40.2502787;-4.0552391000000005
punto_recarga_248;Toledo;HOTEL BEATRIZ TOLEDO AUDITORIUM & SPACalle Concilios de, 45005, Toledo;39.877496;-4.042406600000001
punto_recarga_249;Toledo;6, CM-5102, 45560 Oropesa;39.926884;-5.18534
punto_recarga_250;Toledo;Paseo de Extremadura, 45580 Calzada de Oropesa, Toledo;39.895689000000004;-5.332879
punto_recarga_251;Soria;Av. de Elena Soriano, 10A, 28597 FuentidueÃ±a de Tajo, Madrid;40.1186841;-3.1618849
punto_recarga_252;Guadalajara;19208 Alovera, Guadalajara;40.5794647;-3.2358245
punto_recarga_253;Guadalajara;1, N-II, 19192 Trijueque;40.774409999999996;-2.99439
punto_recarga_254;CÃ¡ceres;AutovÃ­a de Extremadura, Salida, 163, 10392 Isla de Valdecanas, CÃ¡ceres;39.837071;-5.379258
punto_recarga_255;CÃ¡ceres;AutovÃ­a del Suroeste, Km . 200, 10350 Almaraz, CÃ¡ceres;39.7915144;-5.6955002
punto_recarga_256;CÃ¡ceres;Av. de Extremadura, S/N, 10200 Trujillo, CÃ¡ceres;39.4513718;-5.881403
punto_recarga_257;CÃ¡ceres;N-5 Km. 254,80 D, 10200 Trujillo, CÃ¡ceres;39.44893070000001;-5.8815094000000006
punto_recarga_258;CÃ¡ceres;10195 CÃ¡ceres;39.461131;-6.385679
punto_recarga_259;CÃ¡ceres;10600 Plasencia, CÃ¡ceres;40.022282000000004;-6.0993970000000015
punto_recarga_260;CÃ¡ceres;Avda de, Av. Extremadura, 125, 10460 Losar de la Vera, CÃ¡ceres;40.11999610000001;-5.598902
punto_recarga_261;Valladolid;Extrarradio Diseminados, 74, 47132 Tordesillas, Valladolid;41.5421864;-4.897175700000001
punto_recarga_262;Valladolid;Calle de los Doctrinos, 4, 47001 Valladolid;41.64916970000001;-4.729897900000001
punto_recarga_263;Salamanca;Ctra. de VillacastÃ­n, 14, 37893 Encinas de Abajo, Salamanca;40.931959899999995;-5.466889
punto_recarga_264;Salamanca;AutovÃ­a de Castilla, 210, 37419 Parada de Rubiales, Salamanca;42.275446;-3.896919
punto_recarga_265;Barcelona;Passeig de Gracia - Esquina, C/ d'AragÃ³, S/N, 08007 Barcelona;41.392331;2.1646687
punto_recarga_266;Barcelona;Passatge de la Marinada, 1, 3-5, 08799 Barcelona;41.3520545;1.7272823
punto_recarga_267;Barcelona;Entrada SEAT Nord Martorell 08760 ES;41.503389;1.8969599999999998
punto_recarga_268;Barcelona;Carrer de la Rioja, 1, 08227 Terrassa, Barcelona;41.559228000000004;2.037372
punto_recarga_269;Gerona;PGA Catalunya Resort, Carretera N-II, 17455 Caldes de Malavella, Girona;41.858738;2.7676613
punto_recarga_270;Gerona;Avinguda de Catalunya, 17850 BesalÃº, Girona;42.19929459999999;2.6946069
punto_recarga_271;Gerona;PlaÃ§a de Catalunya, 10, 17004 Girona;41.98188010000001;2.8237799
punto_recarga_272;Gerona;Carrer d'Enric Morera, 19, 17257 Torroella de MontgrÃ­, Girona;42.041951;3.1289246
punto_recarga_273;Alicante;Av de CataluÃ±a, 20, 03540 Alicante;38.365229;-0.417234
punto_recarga_274;Alicante;Av. del PaÃ­s ValenciÃ , 89, 03820 Cocentaina, Alicante;38.7413941;-0.4385902
punto_recarga_275;Lleida;Passatge de les Moreres, 25280 Solsona, Lleida;41.9942477;1.5202746999999999
punto_recarga_276;Lleida;Carrer de les Corts Catalanes, 60, 25005 Lleida;41.627928000000004;0.6242101999999999
punto_recarga_277;Lleida;Can Boix, 3, 25790 Castell-llebre, Lleida;42.071333;1.2757049999999999
punto_recarga_278;Ourense;Av. Galicia, s/n, 32317 O Barco, Province of Ourense;42.4172136;-6.9975513
punto_recarga_279;Ourense;de Canedo, Ctra de Vigo, 26, 32001 Quintela, Ourense;42.3556854;-7.905260799999999
punto_recarga_280;Ourense;RÃºa Ricardo MartÃ­n Esperanza, nÂº 12, 32901 Reboredo, Ourense;42.2897324;-7.816631300000001
punto_recarga_281;Ourense;Praza Da Estacion, 32001 Ourense, Province of Ourense;42.3503961;-7.8728186
punto_recarga_282;Ourense;32540 La GudiÃ±a, Ourense;42.060644;-7.1325319999999985
punto_recarga_283;Ourense;Avenida O Vintecinco De Xullo, S/N, 32500 O CarballiÃ±o, Ourense;42.43144059999999;-8.068795
punto_recarga_284;Ourense;PolÃ­gono Comercial Barreiros, Calle Vial G, 7, 32911 Ourense;42.2826654;-7.856208599999999
punto_recarga_285;A CoruÃ±a;RÃºa de Miguel Ferro Caaveiro, 85, 15707 Santiago de Compostela, A CoruÃ±a;42.8844839;-8.5129472
punto_recarga_286;A CoruÃ±a;Avenida Finisterre, 326, 15010 A CoruÃ±a;43.3568583;-8.425587
punto_recarga_287;A CoruÃ±a;A CoruÃ±a, Km. 58, 15703 Santiago de Compostela, C;42.90352100000001;-8.5181839
punto_recarga_288;A CoruÃ±a;Avenida del Ferrocarril, 2, 15007 A CoruÃ±a, C;43.3521165;-8.409936799999999
punto_recarga_289;A CoruÃ±a;RÃºa do HÃ³rreo, 75 A, 15702 Santiago de Compostela, A CoruÃ±a;42.87097079999999;-8.544271199999999
punto_recarga_290;A CoruÃ±a;Avenida das MariÃ±as, 272, 15172 Perillo, A CoruÃ±a;43.3274086;-8.363390299999999
punto_recarga_291;A CoruÃ±a;Avenida das MariÃ±as, 287, 15179 Oleiros, A CoruÃ±a;43.3279374;-8.3650583
punto_recarga_292;A CoruÃ±a;RÃºa de Santiago del Estero, 75, A, 15702 Santiago de Compostela, C;42.87079110000001;-8.544719599999999
punto_recarga_293;A CoruÃ±a;Carretera N-550, 0 Pk 73 PolÃ­gono Ind La PicaraÃ±a, 15980 Esclavitud, C;42.79943799999999;-8.6490584
punto_recarga_294;A CoruÃ±a;PÃ³ligono del Tambre Calle D no23, 15890 Santiago de Compostela, A CoruÃ±a;42.9124896;-8.506754599999999
punto_recarga_295;A CoruÃ±a;RÃºa Carretera de Castilla, 132, 142, 15570 NarÃ³n, C;43.498336200000004;-8.1978838
punto_recarga_296;LeÃ³n;El Bierzo, Camino Real, 1, 24318 Bembibre;42.623566499999995;-6.4531145999999975
punto_recarga_297;Pontevedra;RÃºa Arquitecto Palacios, 25, 36340 NigrÃ¡n, Pontevedra;42.14288;-8.818901
punto_recarga_298;Pontevedra;RÃºa das Pontes, 4, 36350 NigrÃ¡n, Pontevedra;42.132869899999996;-8.795249
punto_recarga_299;Pontevedra;Av. de Madrid, 124, 36214 Vigo, PO;42.220194;-8.706228999999999
punto_recarga_300;Pontevedra;Av. de Madrid, S/N, 36214 Vigo, PO;42.2154;-8.701267
punto_recarga_301;Pontevedra;Estrada Vella de Madrid, 4, 36214 Vigo, Pontevedra;42.215272999999996;-8.701265
punto_recarga_302;Pontevedra;Av. Doutor Moreira Casal, 20, 36600 VilagarcÃ­a de Arousa, Pontevedra;42.601976;-8.7622537
punto_recarga_303;Pontevedra;Calle Reboredo, 93, 36988, PO;42.478204999999996;-8.892745
punto_recarga_304;Pontevedra;Av. Pontevedra, 98, 36619 VilagarcÃ­a de Arousa, PO;42.58442369999999;-8.742930300000001
punto_recarga_305;Pontevedra;Estrada Camposancos, 6, 36213 Vigo, Pontevedra;42.2052969;-8.7522039
punto_recarga_306;Pontevedra;36800, Pontevedra;42.286004999999996;-8.619402000000001
punto_recarga_307;Pontevedra;RÃºa do Areal, 36201 Vigo, Pontevedra;42.2392617;-8.712034
punto_recarga_308;Pontevedra;Av. Buenos Aires, S.N, 36500 DE, PO;42.6550326;-8.111703
punto_recarga_309;Pontevedra;Avda. Orillamar, 173, 36208 Vigo, PO;42.22528399999999;-8.745676
punto_recarga_310;Pontevedra;N-525, 291,3 IZ, 36500 LalÃ­n, Pontevedra;42.66501820000001;-8.1215716
punto_recarga_311;Pontevedra;Avenida do Concello, S.N, I, 36520 Agolada, Pontevedra;42.762601399999994;-8.0245205
punto_recarga_312;Pontevedra;N-120, km 660, 3, 36416 Pontevedra;42.19335419999999;-8.651765699999999
punto_recarga_313;Pontevedra;Av. Peirao Besada, 6, 36163 Poio, PO;42.430923799999995;-8.6634054
punto_recarga_314;Pontevedra;TravesÃ­a CoruÃ±a, 2, 36208 Vigo, PO;42.2229341;-8.7350177
punto_recarga_315;Pontevedra;Calle, Av. do Alcalde de Lavadores, 64, 36214 Vigo, PO;42.2214685;-8.696746000000001
punto_recarga_316;Pontevedra;Pr. Pontevedra, 2, 15003 A CoruÃ±a;43.3679263;-8.4067448
punto_recarga_317;Pontevedra;RÃºa de Severino Cobas, 49, 36214 Vigo, Pontevedra;42.225640500000004;-8.691886
punto_recarga_318;Pontevedra;Av. de Madrid, 66, 36204 Vigo, PO;42.2243343;-8.7116291
punto_recarga_319;Zamora;49395 Cobreros, Zamora;42.0610924;-6.6427115999999975
punto_recarga_320;Zamora;Camino de los Gallegos, 49630, Zamora;41.8261174;-5.3788634
punto_recarga_321;Zamora;20 Av. Niceto AlcalÃ¡ Zamora Cirve, 28050;40.493894;-3.648247
punto_recarga_322;Zamora;Av. de Niceto AlcalÃ¡ Zamora, 4, 28050 Madrid;40.4840115;-3.6475357
punto_recarga_323;Ãlava;Portal de Elorriaga Kalea, 17, 01003 Gasteiz, Araba;42.8494606;-2.6485874
punto_recarga_324;Ãlava;Prudencio Maria Verastegui Kalea, 1, 01002 Gasteiz, Araba;42.84913479999999;-2.6664082000000002
punto_recarga_325;Ãlava;Herrandarren Kalea, 17, 01003 Gasteiz, Araba;42.84850489999999;-2.6654953
punto_recarga_326;Ãlava;Calle Palomares, Casa Blanca Pol., 29, 01321, Ãlava;42.48984309999999;-2.4829442999999998
punto_recarga_327;Ãlava;Urartea Kalea, 23, 01010 Gasteiz, Araba;42.864056299999994;-2.7124726000000003
punto_recarga_328;Ãlava;Ventorro Kalea, 3, 01207, Araba;42.864064899999995;-2.321557
punto_recarga_329;Ãlava;Albert Einstein Kalea, 25, 01510 Gasteiz, Araba;42.9112354;-2.6666336
punto_recarga_330;Ãlava;Pol., Industrial la Coba Poligonoa, 1303, Ãlava;42.7011818;-2.9194399
punto_recarga_331;Ãlava;Carretera nacional 1 Km 364, El Parador Kalea, 14, 01192 Argomaniz, Araba;42.8678842;-2.5415086
punto_recarga_332;GuipÃºzcoa;Garberako, 1, 20017 Donostia-San Sebastian, SS;43.3091113;-1.9438083
punto_recarga_333;GuipÃºzcoa;20212 OlaberrÃ­a, Gipuzkoa;43.0278537;-2.2041555
punto_recarga_334;GuipÃºzcoa;Barrena Kalea, 19, 20600 Eibar, Gipuzkoa;43.19000399999999;-2.454243
punto_recarga_335;GuipÃºzcoa;20004 San SebastiÃ¡n, Gipuzkoa;43.3202505;-1.9839598999999999
punto_recarga_336;GuipÃºzcoa;20001 San SebastiÃ¡n, Gipuzkoa;43.323935299999995;-1.9717761000000005
punto_recarga_337;GuipÃºzcoa;Begiristain Doktorea Pasealekua, 75, 20014 Donostia, Gipuzkoa;43.297227;-1.9662419999999998
punto_recarga_338;GuipÃºzcoa;Minasoroeta Kalea, 4, 20280 Hondarribia, Gipuzkoa;43.361584;-1.793754
punto_recarga_339;GuipÃºzcoa;Lugar Arranomendia, 922, 20240, SS;43.0465532;-2.1848857
punto_recarga_340;GuipÃºzcoa;Gipuzkoa Etorb., 11 Musakola Auzoa Auzoa, 20500 Arrasate, Gipuzkoa;43.071915000000004;-2.4729509999999997
punto_recarga_341;GuipÃºzcoa;Araba Kalea, 43b, 20800 Zarautz, Gipuzkoa;43.28140300000001;-2.16392
punto_recarga_342;GuipÃºzcoa;Otaola Hiribidea, 5, 20600 Eibar, Gipuzkoa;43.182790000000004;-2.480759
punto_recarga_343;GuipÃºzcoa;Goiru Kalea, 1b, 20500 Arrasate, Gipuzkoa;43.062134;-2.504542
punto_recarga_344;GuipÃºzcoa;GI-631, 2, 20720 Azkoitia, SS;43.17207;-2.30361
punto_recarga_345;GuipÃºzcoa;Zarautz Kalea, 136, 20018 Donostia, Gipuzkoa;43.30096279999999;-2.0022566000000004
punto_recarga_346;GuipÃºzcoa;Ubitarte Plaza, 1, 20870 Elgoibar, Gipuzkoa;43.213521;-2.4167971
punto_recarga_347;GuipÃºzcoa;GI-627, 20500 Arrasate, SS;43.048716999999996;-2.497361
punto_recarga_348;GuipÃºzcoa;Arantzazuko Ama Kalea, 1, 20569 OÃ±ati, Gipuzkoa;43.028366;-2.409438
punto_recarga_349;GuipÃºzcoa;Gregorio OrdoÃ±ez Kalea, 20011 Donostia, Gipuzkoa;43.305283;-1.973914
punto_recarga_350;GuipÃºzcoa;Lugar Laranga, 5B, 20830 Laranga Auzoa, SS;43.304343599999996;-2.3636381
punto_recarga_351;GuipÃºzcoa;Mikeletegi Pasealekua, 53, 20009 Donostia, Gipuzkoa;43.29163399999999;-1.9854217
punto_recarga_352;Burgos;09200 Miranda de Ebro, Burgos;42.68854870000001;-2.9533967999999997
gasolinera_1;ALMERIA;AUTOVIA MURCIA-ALMERIA SALIDA 537 KM. 537;37.285833000000004;-1.9345560000000002
gasolinera_2;ALMERIA;CALLE COBRE, 26;36.85325;-2.431333
gasolinera_3;ALMERIA;CARRETERA IRYDA POLIG. IND. LA REDONDA KM. S/N;36.780444;-2.748806
gasolinera_4;ASTURIAS;COMPLEJO CENTRO COMERCIAL CAUDALIA, S/N;43.227722;-5.781944
gasolinera_5;ASTURIAS;AVENIDA GIJON, 70;43.551556;-5.911444
gasolinera_6;ASTURIAS;AVENIDA DE LOS CAMPONES, 13;43.533833;-5.691222
gasolinera_7;ASTURIAS;CALLE LAGUNA DE LA, 1;43.540361;-7.019639
gasolinera_8;ASTURIAS;AVENIDA DE LOS EMIGRANTES, 34;43.536417;-6.724611
gasolinera_9;ASTURIAS;CARRETERA VIELLA KM. 0,250;43.38275;-5.784056
gasolinera_10;ASTURIAS;CARRETERA AS-263 KM. 19;43.426417;-4.86225
gasolinera_11;BARCELONA;AUTOPISTA C- 33 KM. 82,5;41.495222;2.191417
gasolinera_12;BARCELONA;CALLE LLEIDA, 6;41.946083;2.264417
gasolinera_14;TARRAGONA;CARRETERA DE LA RIERA KM. 20;41.152056;1.3934440000000001
gasolinera_15;BARCELONA;CARRETERA SAN QUINTIN KM. 9,2;41.425610999999996;1.7810560000000002
gasolinera_16;CADIZ;POLIGONO P.I.MARISMAS DE PALMONES C/ MAR CANTABRICO PARCELA IT 2.12, 2,12;36.184806;-5.430028
gasolinera_17;ALICANTE;CARRETERA JACARILLA-BENEJUZAR KM. 2,5;38.062971999999995;-0.859028
gasolinera_18;CADIZ;AVENIDA ARCOS, 55;36.855639000000004;-5.655056
gasolinera_19;CADIZ;AVENIDA DE LA ILUSTRACION, 1;36.508028;-6.268361
gasolinera_20;CADIZ;CALLE SEVERO OCHOA, 23;36.426583;-6.154194
gasolinera_21;CADIZ;CALLE GENIL, 1;36.7645;-6.361472
gasolinera_22;CADIZ;AVENIDA DE LA MUSICA, 8;36.284194;-6.0840830000000015
gasolinera_23;CADIZ;AVENIDA EUROPA, S/N;36.696917;-6.113278
gasolinera_25;CADIZ;AVENIDA CENTENARIO DE LA AVIACION, 1;36.636055999999996;-6.370889
gasolinera_26;MALAGA;SECTOR ARROYO ENMEDIO E4, 4;36.39325;-5.2027779999999995
gasolinera_27;CADIZ;URBANIZACION LA MARINA, 614;36.026333;-5.607861
gasolinera_28;CANTABRIA;CR CA-147, 4,7;43.447306;-3.562611
gasolinera_29;CANTABRIA;BARRIO LA CALVA, 16;43.404694;-3.868667
gasolinera_30;CANTABRIA;POLIGONO SEPES-LA VEGA, PARCELA 74-80, 74;42.995194;-4.1313330000000015
gasolinera_31;VIZCAYA;CTRA.LUTXANA-ASUA, 36 km CENTRO COMERCIAL M;43.303333;-2.952833
gasolinera_32;CANTABRIA;CALLE RECONQUISTA DE SEVILLA, S/N;43.410722;-3.41275
gasolinera_33;VALENCIA / VALENCIA;AUTOVIA A7 KM 311 KM. 311;39.607444;-0.343944
gasolinera_34;CASTELLON / CASTELLO;CARRETERA TERUEL, S/N KM. 0;39.813056;-0.43083299999999997
gasolinera_35;CASTELLON / CASTELLO;CARRETERA NACIONAL 340 A PLAN PARCIAL 1 KM. 1049;40.455166999999996;0.45194399999999996
gasolinera_36;ALAVA;AVENIDA MEDITERRANEO, 7;42.849028000000004;-2.693722
gasolinera_37;ALAVA;POLIGONO OKITURRI, S/N;42.8635;-2.320361
gasolinera_38;BURGOS;AVENIDA PORTUGAL, 53;41.667972;-3.711778
gasolinera_39;BURGOS;AUTOVIA A-62 KM. 40;42.177028;-4.060028
gasolinera_40;BURGOS;CARRETERA N I KM. 278,050;42.534556;-3.3210830000000002
gasolinera_41;BURGOS;CL GLORIETA LOGRO?O, S.N.;42.34875;-3.677917
gasolinera_42;BURGOS;AUTOVIA A-62 KM. 16,7;42.294444;-3.8465
gasolinera_43;BURGOS;CARRETERA CRTA A-1,  MADRID-BURGOS KM. 203;42.040694;-3.7527779999999997
gasolinera_44;BURGOS;CR N-1, 318,8;42.692944;-2.9375
gasolinera_45;CACERES;CALLE GIL CORDERO, S,N;39.469417;-6.3824440000000005
gasolinera_46;CACERES;CARRETERA CIRCUNVALACION KM. S/N;39.550472;-6.419111
gasolinera_47;CACERES;CARRETERA EX 108 KM. 87,2;39.982056;-6.51925
gasolinera_48;CACERES;CALLE HERRADORES, 2;39.140471999999995;-5.9215
gasolinera_49;CACERES;CARRETERA EX-392 KM. 16;40.051083;-5.744667
gasolinera_50;CACERES;CARRETERA EX-118 KM. 179;39.891110999999995;-5.52425
gasolinera_51;CACERES;AVENIDA ESPANA, 44;40.021639;-6.098167
gasolinera_52;CACERES;CARRETERA ANTIGUA N-V KM. 252;39.468806;-5.863111
gasolinera_53;CACERES;CARRETERA N-110 KM. 382,400;40.136417;-5.890833
gasolinera_54;CADIZ;CARRETERA A-382 KM. 26,8;36.747833;-5.822389
gasolinera_55;RIOJA (LA);POLIGONO POLIGONO I-9, 2;42.447611;-2.419083
gasolinera_56;ALBACETE;PG CAMPOLLANO-P. 2-CT, S.N.;39.012583;-1.874972
gasolinera_59;ALBACETE;CARRETERA MURCIA KM. 33;38.506806;-1.6878330000000001
gasolinera_60;ALBACETE;AUTOVIA A-31 KM. 40;39.212972;-2.166444
gasolinera_61;ALBACETE;AVENIDA GUARDIA CIVIL, 162;38.601721999999995;-1.6808330000000002
gasolinera_62;ALBACETE;AVENIDA REYES CATOLICOS, 108;39.272056;-2.5941110000000003
gasolinera_63;ALICANTE;AVENIDA ALICANTE, 49;38.717889;-0.45775
gasolinera_64;ALICANTE;CARRETERA CV-70 KM. 47;38.559583;-0.134444
gasolinera_65;ALICANTE;CARRETERA N-332 KM. 187,5;38.768111;0.098639
gasolinera_66;ALICANTE;AVENIDA DIPUTACION, 35;38.646306;0.04175
gasolinera_67;ALICANTE;AVENIDA DE IBI, 46;38.600944;-0.669611
gasolinera_68;ALICANTE;CALLE AVENIDA VALENCIA, 44;38.83958300000001;0.098194
gasolinera_69;ALICANTE;AVENIDA MONOVAR, 10;38.478556;-0.802222
gasolinera_70;ALICANTE;AV DE LA PROVIDENCIA S/N;38.6165;-0.585583
gasolinera_71;ALICANTE;CARRETERA CARRETERA DE YECLA KM. 1;38.635889;-0.870667
gasolinera_72;ALMERIA;AVENIDA LEGION ESPANOLA, 2;36.758889;-2.983333
gasolinera_73;ALMERIA;CARRETERA LORCA- BAZA, PARAJE LOS CHORLITOS, PARC. 426, POL. 41 KM. 426;37.378139000000004;-2.133194
gasolinera_74;ALMERIA;AVENIDA JOSE BARRIONUEVO PENA, S/N;36.841667;-2.9458330000000004
gasolinera_75;ALMERIA;PARAJE MOJON. POLIGONO 5. PARCELA, 44;37.358167;-2.2824720000000003
gasolinera_76;ALMERIA;CARRETERA IRYDA (CH) KM. 5;36.922971999999994;-2.149167
gasolinera_77;ALMERIA;POLIGONO S-LF1, 1;37.383472;-1.749139
gasolinera_78;ALMERIA;CARRETERA C-321, PJE.CANADA DE NAVARRO KM 000000 KM. 162;37.678111;-2.090333
gasolinera_79;GRANADA;CARRETERA ANTIGUA DE MALAGA A GRANADA KM. 142;37.190721999999994;-3.636361
gasolinera_80;GRANADA;CARRETERA CR A-2 SEVILLA-BAZA DCHA. KM 286 KM. 286;37.328889000000004;-3.215694
gasolinera_81;GRANADA;CARRETERA BAILEN-MOTRIL N-323 KM. 151;36.999694;-3.577611
gasolinera_82;GRANADA;CARRETERA A-330 KM. 28,3;37.779639;-2.542361
gasolinera_83;GRANADA;CARRETERA A- 4155 KM. 1;37.163833000000004;-4.076611
gasolinera_84;GRANADA;AUTOVIA GR-14 KM. 0;36.770722;-3.55725
gasolinera_85;GRANADA;AUTOVIA A-92 KM. 211;37.182583;-3.95275
gasolinera_86;MADRID;CL GL.CORREGIDOR SANCHO DE CORD, S.;40.407389;-3.652028
gasolinera_87;GUIPUZCOA;CTRA. ASTIGARRAGA-OIARTZUN (GI-2132 km 10);43.281971999999996;-1.9167779999999999
gasolinera_88;GUIPUZCOA;SAN ANDRES AUZOA, 7 (BERGARA-VITORIA C-6213 km 80,3);43.048695;-2.4975
gasolinera_89;GUIPUZCOA;CR  N-1 ,P.K. 419;43.045278;-2.1948060000000003
gasolinera_90;GUIPUZCOA;CARRETERA GI-631 KM. 5,00;43.241444;-2.259444
gasolinera_91;CORDOBA;AVDA. LIBIA, 34;37.890944;-4.758806
gasolinera_92;GUIPUZCOA;CALLE BARRENA, 19;43.189972;-2.454556
gasolinera_93;HUELVA;AVDA. NUEVO COLOMBINO S/N.;37.263306;-6.919611
gasolinera_94;HUELVA;POLIGONO INDUSTRIAL EL TOMILLAR,PARCELA, 77;37.254056;-6.507861
gasolinera_95;CORDOBA;CARRETERA N331 KM. 41;37.606278;-4.678472
gasolinera_96;CORDOBA;CARRETERA FUENTE PALMERA- LA VENTILLA L-120 KM. 0,500;37.708139;-5.098111
gasolinera_97;CORDOBA;CARRETERA CABRA KM. 1,5;37.430944000000004;-4.474806
gasolinera_98;CORDOBA;AVENIDA AVENIDA DE LA PAZ SN  / GRAN VIA AULIO CORNELIO PALMA  SN, SN;37.700056;-5.272694
gasolinera_99;CORDOBA;CALLE MUNOZ DE SEPULVEDA, 99;38.373861;-4.853167
gasolinera_100;CORDOBA;AVENIDA DE GRANADA, S,N;37.441611;-4.191889
gasolinera_101;CORDOBA;CALLE ESTEPA, 1;37.379556;-4.781333
gasolinera_102;CORDOBA;POLIGONO ANTIGUA N-4 TR.ORIENTAL, 16, 16;37.986306;-4.277472
gasolinera_103;CORUNA (A);RUA DAS HEDRAS 13, P. EMPRESARIAL NOVOMILLADOIRO;42.849721;-8.582553
gasolinera_104;CORUNA (A);AVENIDA DE FONTECULLER, SN;43.324139;-8.381111
gasolinera_105;CORUNA (A);MUELLE BAJO MUELLE, S/N;42.613556;-8.890167
gasolinera_106;CORUNA (A);RUA LUIS SEOANE, 147;43.488944000000004;-8.196611
gasolinera_107;CORUNA (A);LUGAR A REVOLTA, 20;43.204471999999996;-8.699444
gasolinera_108;CORUNA (A);AC 840 km 6,89;43.225889;-8.1905
gasolinera_109;LUGO;PARQUE EMPRESARIAL DE GUITIRIZ, PARCELA, 55;43.184861;-7.926889
gasolinera_110;CORUNA (A);POLIGONO DE MUROS - VENTIN, S/N;42.78527800000001;-9.072028
gasolinera_111;CORUNA (A);CARRETERA BARQUINA S/N KM. 2,5;42.798167;-8.888111
gasolinera_112;CORUNA (A);N-550 km 34,5;43.093389;-8.403111
gasolinera_113;CORUNA (A);AVENIDA BRASIL, 0;43.027333;-8.817556
gasolinera_114;CUENCA;AVENIDA REY JUAN CARLOS I, 37;40.006583;-3.005306
gasolinera_115;CUENCA;N-III km 159,900;39.651444;-2.352278
gasolinera_116;CUENCA;AVENIDA REYES CATOLICOS, 76;40.059472;-2.1382779999999997
gasolinera_117;CASTELLON / CASTELLO;AUTOPISTA AP-7 (MRG.DCHO) KM. 404;40.131806;0.138722
gasolinera_118;CIUDAD REAL;AVENIDA DE LOS INSTITUTOS, S/N;39.39225;-3.224611
gasolinera_119;HUELVA;AVENIDA CONSTITUCION, S/N;37.220694;-7.398556
gasolinera_120;CIUDAD REAL;CALLE CTRA. C-417, PK. KM 17,, 17;38.904139;-3.677333
gasolinera_121;CIUDAD REAL;CARRETERA NACIONAL 420 KM. 160;38.701556;-4.101667
gasolinera_122;CIUDAD REAL;AVENIDA DE LA HISPANIDAD, 10;39.400861;-3.128361
gasolinera_123;CIUDAD REAL;CALLE RONDA DE LA MATA, S/N;38.983083;-3.920833
gasolinera_124;CIUDAD REAL;CARRETERA N-420 KM KM. 231;39.076278;-3.596278
gasolinera_125;CIUDAD REAL;CARRETERA NACIONAL 430 KM 368 KM. 368;38.973667;-3.336417
gasolinera_126;CIUDAD REAL;CARRETERA PEDRO MUNOZ A SOCUELLAMOS KM. 1;39.396167;-2.937778
gasolinera_127;CIUDAD REAL;CALLE PEDRO VARELA, S/N;38.644833;-3.452778
gasolinera_128;CIUDAD REAL;CM-3102 km 23,1;39.283694;-2.784361
gasolinera_129;CIUDAD REAL;CALLE SOCUELLAMOS, 92;39.163694;-3.016139
gasolinera_130;CIUDAD REAL;CR CM-412, 84,8;38.766444;-3.3985
gasolinera_131;CIUDAD REAL;AUTOVIA A-4 KM. 145,330;39.25033300000001;-3.430306
gasolinera_132;CIUDAD REAL;CARRETERA CM-4111 KM. 64;38.520556;-3.550556
gasolinera_133;CORDOBA;AVENIDA ALEMANIA, 1;37.622667;-4.314667
gasolinera_134;CORDOBA;AUTOVIA A-4 KM. 432;37.678611;-4.928111
gasolinera_135;HUELVA;CARRETERA CRTRA LA PALMA A BOLLULLOS KM. 3,2;37.35888900000001;-6.538056
gasolinera_137;HUELVA;CARRETERA A472 KM. 34,90;37.387028;-6.399694
gasolinera_138;HUESCA;CARRETERA N-240 KM. 160;42.032194;0.11844400000000001
gasolinera_139;HUESCA;CARRETERA N-240 KM. 131,7;41.845721999999995;0.295694
gasolinera_140;HUESCA;POLIGONO SUB 7 BIS, ANTIGUA NII, S/N;41.524139;0.365417
gasolinera_141;HUESCA;AVENIDA MARTINEZ DE VELASCO, 53;42.131611;-0.417278
gasolinera_142;HUESCA;CL AVENIDA LERIDA, 31 (N-240 km 143);41.911056;0.19675
gasolinera_143;JAEN;AVDA. BLAS INFANTE, S/N;38.039361;-4.039583
gasolinera_144;JAEN;CARRETERA 326 KM. 12,1;38.002194;-3.479194
gasolinera_145;JAEN;AUTOVIA E-5/A-4 KM. 288;38.1435;-3.7285
gasolinera_146;JAEN;AUTOVIA AUTOVIA DE ANDALUCIA KM. 266;38.281917;-3.591167
gasolinera_147;JAEN;CARRETERA N-321 KM. 60,3;37.784361;-3.826611
gasolinera_148;JAEN;AVENIDA VALENCIA DE, 116;38.172556;-3.004083
gasolinera_149;JAEN;CL AVENIDA DE ESPA?A, 3;38.090222;-3.6262220000000003
gasolinera_150;JAEN;CALLE LA LONJA, 4;37.788971999999994;-3.617778
gasolinera_151;JAEN;CALLE LEON XIII S/N (N-323 KM. 125,20),;38.021944;-3.367778
gasolinera_152;JAEN;POLIGONO POL. IND.  EL CONDADO. C/ SORIHUELA, S/N;38.259944;-3.176222
gasolinera_153;CUENCA;AUTOVIA DEL ESTE KM. 111;39.903833;-2.7142779999999997
gasolinera_154;CUENCA;CALLE CAMINO REAL ALTO, 1;39.503139000000004;-2.870472
gasolinera_155;CUENCA;CARRETERA ALBACETE, N-320 KM. 72;39.553778;-1.902944
gasolinera_156;CUENCA;C/ TOSTADO, 22;39.381699;-2.575924
gasolinera_157;CUENCA;CARRETERA NACIONAL 310 KM. 153,3;39.392028;-2.438556
gasolinera_158;GIRONA;CR C-250, 7,7;41.933361;2.84375
gasolinera_159;GIRONA;CARRETERA FIGUERES A ROSES KM 29 KM. 29;42.268417;2.9999439999999997
gasolinera_160;GIRONA;CARRETERA C-31 KM. 350,5;42.045306;3.117222
gasolinera_161;GIRONA;POLIGONO DE LA AIGUETA, S/N;41.967528;3.031222
gasolinera_162;GIRONA;CARRETERA N-II KM. 773,5;42.406889;2.8785
gasolinera_163;GIRONA;CALLE CLOSA D'EN LLOP, 2;42.124972;3.123222
gasolinera_164;GIRONA;CALLE IGNASI BUXO GOU, D', 4;42.186806;2.4971389999999998
gasolinera_165;GIRONA;CALLE GIRONA, 1;42.426417;1.9285830000000002
gasolinera_166;GIRONA;PASSEIG REGULL, 12;42.197083;2.19075
gasolinera_167;GRANADA;AVENIDA MURCIA S/N, S/N;37.493361;-2.765278
gasolinera_168;GRANADA;AUTOVIA A/92 GRANADA MURCIA KM. 354;37.554194;-2.6089439999999997
gasolinera_169;LEON;AVENIDA PORTUGAL, 46;42.292389;-5.911417
gasolinera_170;LEON;CARRETERA A231 KM. 8;42.454889;-5.520889
gasolinera_171;LEON;AVENIDA GALICIA, 86;42.560583;-6.625694
gasolinera_172;LEON;AVENIDA SAENZ DE MIERA S/N, S/N;42.590833;-5.577389
gasolinera_173;LEON;AVENIDA FERNANDO DE CASTRO, 39;42.368611;-5.033111
gasolinera_174;LEON;CARRETERA N-120 (LEON-ASTORGA) KM. 322,300;42.524861;-5.756417
gasolinera_175;LLEIDA;AVINGUDA INDUSTRIA, P. 504;41.626360999999996;0.660722
gasolinera_176;LLEIDA;AVENIDA BARCELONA, 26;41.652471999999996;1.149694
gasolinera_177;LLEIDA;CARRETERA LV3344 KM. 1,5;41.644444;1.000306
gasolinera_178;LLEIDA;N-240  (C. C. BON AREA) km 71,15;41.532891;0.8427049999999999
gasolinera_179;LLEIDA;AVENIDA JAIME I, 24;41.630056;0.8877780000000001
gasolinera_180;LLEIDA;CARRETERA ARTESA DE SEGRE A TREMP KM. 51;42.141611;0.930444
gasolinera_181;LLEIDA;Ctra.C-142 km s/n;42.696583000000004;0.8058609999999999
gasolinera_182;LUGO;RUA MIGUEL DE CERVANTES, 44;43.57183300000001;-7.260111
gasolinera_183;LUGO;AVENIDA LA CORUNA, 310;43.025667;-7.567166999999999
gasolinera_184;MALAGA;CARRETERA COMARCAL COIN-MALAGA KM. 89;36.66088900000001;-4.502306
gasolinera_185;MADRID;AUTOPISTA AP-6 KM. 42,3;40.643667;-4.038167
gasolinera_186;MADRID;CALLE ZACARIAS (DE), 20;40.295111;-4.01
gasolinera_187;MADRID;CARRETERA N-3 KM. 39,2;40.229721999999995;-3.347528
gasolinera_188;MALAGA;CL AVDA. VIVAR TELLEZ, 26;36.776416999999995;-4.100278
gasolinera_189;MURCIA;CARRETERA GRANADA, P.J. SANTA INES KM. 1;38.089472;-1.8679439999999998
gasolinera_190;MURCIA;MU-413 km 2;38.207268;-1.37772
gasolinera_191;MURCIA;PARAJE CASAS DE PACO PEDRENO, S/N;37.75852800000001;-1.098278
gasolinera_192;MURCIA;AVENIDA LEVANTE (DE), 42;38.475028;-1.321806
gasolinera_193;MURCIA;CAMINO VILLAESPESA S/N APDO.217;37.6835;-1.644972
gasolinera_194;MURCIA;AVENIDA DE LAS MORERAS, S/N;37.592971999999996;-1.316611
gasolinera_195;MURCIA;CARRETERA DE PLIEGO, S-No KM. 1;38.027806;-1.4991940000000001
gasolinera_196;MURCIA;SAN JAVIER km 1,2;37.867139;-1.107194
gasolinera_197;MURCIA;C-3314 Km. 64,9;38.614667;-1.102611
gasolinera_198;NAVARRA;AUTOVIA A1, KM. 402;42.896861;-2.178556
gasolinera_199;RIOJA (LA);CARRETERA SAN ADRIAN S/N KM.;42.31225;-1.9536939999999998
gasolinera_200;NAVARRA;CALLE SADAR S/N, S/N;42.797694;-1.6455830000000002
gasolinera_201;NAVARRA;CARRETERA N-113 KM. 77;42.179221999999996;-1.696611
gasolinera_202;NAVARRA;CR N-121, 48;43.137471999999995;-1.6111389999999999
gasolinera_203;NAVARRA;ZIOBI,6. POL. INDUSTRIAL ALKAIAGA;43.279444;-1.6921669999999998
gasolinera_204;NAVARRA;CTRA. LERIN S/N;42.522889;-1.8378889999999999
gasolinera_206;NAVARRA;CARRETERA N-113 KM. 91,5;42.076944;-1.79675
gasolinera_207;MALAGA;LUGAR RESIDENCIA DE LA VEGA, 1;37.026861;-4.538417
gasolinera_208;MALAGA;A-45 km 147,8;36.897833;-4.429333
gasolinera_209;MALAGA;CALLE DON FRANCISCO CARRILLO DE MENDOZA Y MORALES, 1;36.754360999999996;-5.153194
gasolinera_210;MALAGA;AVENIDA REINA SOFIA, S/N;36.664278;-4.746917
gasolinera_211;MALAGA;AVENIDA SEVERO OCHOA, 55;36.509306;-4.873778
gasolinera_212;MALAGA;CALLE PAGO CASTILLO ALTO, 1;36.755389;-3.885528
gasolinera_213;MALAGA;CARRETERA A-92 KM. 135;37.131944;-4.693528
gasolinera_214;MURCIA;CTRA. DE LORCA, No 2 (C-3211A km 94,6);37.40875;-1.586222
gasolinera_215;MURCIA;CARRETERA C-3314 KM. 14,100;38.205417;-1.7350279999999998
gasolinera_216;MURCIA;CTRA. CABO DE PALOS A LA MANGA km S/No;37.635166999999996;-0.707917
gasolinera_217;LUGO;AVENIDA GALICIA, 41;42.51975;-7.513056
gasolinera_218;LUGO;CALLE CAMPO DEL PUENTE, SN;43.302639;-7.672333
gasolinera_219;LUGO;CALLE SAN LAZARO, 3;43.667167;-7.591806
gasolinera_220;MADRID;PLAZA HUERTA DE LAS FLORES, 2;40.997889;-3.637528
gasolinera_221;MADRID;AVENIDA AVDA. DE LA CABRERA S/N JUNTO AL HOSTAL EL CANCHO DEL AGUILA (A-1 KM 60), S/N;40.875833;-3.602389
gasolinera_222;SALAMANCA;AVENIDA ALDEHUELA, 10;40.957972;-5.65325
gasolinera_223;SALAMANCA;AVENIDA SALAMANCA, S/N;40.604110999999996;-6.528805999999999
gasolinera_224;SALAMANCA;CARRETERA N-620 KM. 351,0;40.602610999999996;-6.818167
gasolinera_225;SALAMANCA;N-620 km 309,2;40.697972;-6.416278
gasolinera_226;SEVILLA;AVENIDA MOLINI, 3;37.369361;-5.988139
gasolinera_227;SEGOVIA;CR N-1, 103;41.21908300000001;-3.5910830000000002
gasolinera_228;SEGOVIA;CARRETERA VALLADOLID S/N FINCA 16114 KM. 148;41.405972;-4.3269720000000005
gasolinera_229;SEGOVIA;PASEO EZEQUIEL GONZALEZ, 28;40.946111;-4.122944
gasolinera_230;SEGOVIA;AUTOVIA A-6 KM. 124;41.052917;-4.699306
gasolinera_231;AVILA;AUTOVIA DEL NOROESTE KM. 111;40.955639;-4.614111
gasolinera_232;SEVILLA;CARRETERA A-92 KM. 45;37.270056;-5.500389
gasolinera_233;SEVILLA;AVENIDA DEL ALJARAFE,, 98;37.301916999999996;-6.289722
gasolinera_234;SORIA;CALLE FUEROS DE SORIA, 2;41.761389;-2.471139
gasolinera_235;SEVILLA;AVENIDA JESUS NAZARENO, 99;36.99225;-5.94025
gasolinera_236;NAVARRA;CALLE MERKATONDOA, 7;42.663028000000004;-2.0311939999999997
gasolinera_237;SEVILLA;CR SE-126, 0,5;37.605389;-5.820083
gasolinera_238;SEVILLA;CARRETERA TOCINA km 2;37.4;-5.73525
gasolinera_239;SEVILLA;CALLE SEVILLA, 82;37.467389000000004;-5.650389
gasolinera_240;SEVILLA;CALLE TORNERO, 4;36.858111;-6.034944
gasolinera_241;SEVILLA;CARRETERA E-5/A-4 KM. 460;37.523194000000004;-5.143778
gasolinera_242;SEVILLA;CL AVDA. BADIA POLESINE , 49;37.298667;-4.883389
gasolinera_243;SEVILLA;CARRETERA SE-180 KM. 10,6;37.535139;-6.054917
gasolinera_244;SEVILLA;AVENIDA JOSE FERNANDEZ RUIZ, 60;36.920194;-6.065778
gasolinera_245;SEVILLA;POLIGONO POLIGONO INDUSTRIAL MATALLANA C/ CARRETERIA, 3;37.651778;-5.548361
gasolinera_246;SEVILLA;CR A92 km 62,2;37.228972;-5.323028
gasolinera_247;SEVILLA;PLAZA TRIANILLA (DE LA), S/N;37.187056;-5.78725
gasolinera_248;SEVILLA;CALLE DE LA TRILLA, 1;37.125721999999996;-5.4615279999999995
gasolinera_249;SEVILLA;CALLE ALFONSO XII, 62;37.23875;-5.113167
gasolinera_250;SORIA;AUTOVIA A-2 KM. 170,2;41.223944;-2.260194
gasolinera_251;PONTEVEDRA;POLIGONO PARQUE EMPRESARIAL BARRO -MEIS PARCELA A-1, 1;42.513694;-8.678333
gasolinera_252;PONTEVEDRA;AVENIDA MADRID, S/N;42.214083;-8.700889
gasolinera_253;PONTEVEDRA;CARRETERA CARRETERA CANIZA - CRECIENTE S/N KM. 0,50;42.207083000000004;-8.267611
gasolinera_254;PONTEVEDRA;CL SAN PELAY0, 73;42.695278;-8.490111
gasolinera_255;CORUNA (A);CARRETERA N-525 KM. 322;42.777528000000004;-8.406444
gasolinera_256;PONTEVEDRA;CALLE RUA DO RIO, S/N, S/N;42.664806;-8.121583
gasolinera_257;PONTEVEDRA;CARRETERA REDONDELA KM. 1;42.170389;-8.500111
gasolinera_258;PONTEVEDRA;CARRETERA PO-2205 KM. 21,4;42.691028;-8.250833
gasolinera_259;RIOJA (LA);N-232 km 441,5;42.536389;-2.7728330000000003
gasolinera_260;RIOJA (LA);AVENIDA LA RIOJA, 4;42.575222;-2.851139
gasolinera_261;RIOJA (LA);CALLE SAN FERNANDO, 120;42.415861;-2.71725
gasolinera_262;TARRAGONA;CARRETERA NACIONAL 340 SEC H KM. 1059;40.533583;0.5068060000000001
gasolinera_263;NAVARRA;AUTOVIA A-15 (MRG.DCHO.) KM. 134,4;43.058806;-1.955944
gasolinera_264;NAVARRA;POLIGONO ALESVES, N;42.272444;-1.74425
gasolinera_265;NAVARRA;CARRETERA ZARAGOZA, KM 33.5 KM. 33;42.514472;-1.675778
gasolinera_266;NAVARRA;CARRETERA PERALTA KM. 128;42.335944;-1.7899720000000001
gasolinera_267;NAVARRA;BARRIO DANTXARINEA, 2;43.289583;-1.505806
gasolinera_268;OURENSE;AVDA. DE ZAMORA 140;42.321219;-7.862383
gasolinera_269;OURENSE;AUTOVIA A52 km 249;42.31425;-8.093972
gasolinera_270;OURENSE;N-541 km 24,7;42.425806;-8.057944
gasolinera_271;OURENSE;OU-531 km 32,500;42.177413;-8.004188000000001
gasolinera_272;OURENSE;CL A DEVESA, S.N.;42.075556;-7.727083
gasolinera_273;PALENCIA;AVENIDA ANDALUCIA, 180;41.990694;-4.510972
gasolinera_274;PALENCIA;CARRETERA N-620 KM. 61;42.051056;-4.2524169999999994
gasolinera_275;TARRAGONA;AUTOPISTA AP-7 (MRG.DCHO.) KM. 317;40.765028;0.6262220000000001
gasolinera_276;TARRAGONA;AVENIDA GENERALITAT, 44;40.718556;0.725333
gasolinera_277;TARRAGONA;AVENIDA MURALLA SANTA TECLA, 10;41.374361;1.164611
gasolinera_278;TARRAGONA;CR N-340, 1128,2;40.989056;0.9081940000000001
gasolinera_279;TARRAGONA;CARRETERA CTRA. N-420 KM. 467,100;41.093722;0.647917
gasolinera_280;TARRAGONA;CALLE CTRA. DE MONTBLANC, 34;41.2885;1.249472
gasolinera_281;TERUEL;N-234 km 141;40.482583;-1.251333
gasolinera_282;TERUEL;POLIGONO EL TOLLO PARCELA, 2/31;40.772944;-1.339556
gasolinera_283;TERUEL;AVENIDA ZARAGOZA, 22;40.347889;-1.116611
gasolinera_285;TOLEDO;AUTOVIA EXTREMADRUA KM. 87;40.020917;-4.505278
gasolinera_286;TOLEDO;CARRETERA N-V KM. 40;40.223417;-4.075417
gasolinera_287;TOLEDO;AV EXTREMADURA  1;39.961944;-4.826611
gasolinera_288;TOLEDO;CR C-400 66 (C-400 km 66,07);39.46458300000001;-3.5564440000000004
gasolinera_289;TOLEDO;AVENIDA TOLEDO, 1;39.98;-4.27425
gasolinera_290;TOLEDO;CL/ TOLEDO 85 (C-400 km 30,7);39.689194;-3.77725
gasolinera_291;TOLEDO;PZA. DE PILAREJO, 1;39.955944;-3.5035279999999998
gasolinera_292;VALENCIA / VALENCIA;CARRETERA MADRID-VALENCIA KM. 275,5;39.484028;-1.1061940000000001
gasolinera_293;VALENCIA / VALENCIA;CARRETERA N-III KM. 263,1;39.563306;-1.197333
gasolinera_294;VALENCIA / VALENCIA;CALLE EMILIO DONAT, S/N;39.11552800000001;-0.455028
gasolinera_295;VALENCIA / VALENCIA;N-332 km 232,9;39.046139000000004;-0.22622199999999998
gasolinera_296;VALENCIA / VALENCIA;CARRETERA DE LA A3 A GODELLETA KM 11,7 KM. 11,7;39.42502800000001;-0.680722
gasolinera_297;VALLADOLID;AUTOVIA CARRETERA SG 601 KM 13,75 KM. 13,750;41.541917;-4.6586669999999994
gasolinera_298;VALLADOLID;AVENIDA SEGOVIA, 44;41.63713900000001;-4.721889
gasolinera_299;VALLADOLID;CRTA.PENARANDA S/N - C.C. CAPRABO;41.300389;-4.907694
gasolinera_300;VALLADOLID;CARRETERA A-62 KM. 142;41.539972;-4.895778
gasolinera_301;VIZCAYA;CARRETERA ELORRIO KM. S/N;43.164944;-2.620333
gasolinera_302;VIZCAYA;CTRA. GERNIKA-AMOREBIETA km KM 1,5;43.2965;-2.686944
gasolinera_303;ZAMORA;CALLE SIMON BOLIVAR, S/N;42.0075;-5.662333
gasolinera_304;ZAMORA;CARRETERA N-122 KM. 425,5;41.523167;-5.3861940000000015
gasolinera_305;VALENCIA / VALENCIA;AVENIDA TEXTIL, 42;38.827194;-0.588056
gasolinera_306;ZAMORA;CM  HERRADO S/N;41.853645;-5.406466
gasolinera_307;ZAMORA;AVENIDA REQUEJO, 31;41.510583000000004;-5.7363610000000005
gasolinera_308;ZARAGOZA;CALLE BARBALANCA-CENICERO, S/N;41.832806;-1.5166110000000002
gasolinera_309;ZARAGOZA;CARRETERA CTRA.LOGRONO 42 KM. 243,420;41.663389;-0.930833
gasolinera_310;ZARAGOZA;CARRETERA NACIONAL II KM. 341;41.606417;-0.691639
gasolinera_311;ZARAGOZA;AUTOPISTA A-2 KM. 276,9;41.50175;-1.32125
gasolinera_312;ZARAGOZA;CARRETERA ENLACE AUTOVIA ARAGON KM. 200;41.305917;-1.964361
gasolinera_314;ZARAGOZA;AVENIDA COSTA JOAQUIN, 3;41.235944;-0.04375
gasolinera_315;ZARAGOZA;CARRETERA A-127 KM. 32,3;42.126806;-1.144528
gasolinera_316;ZARAGOZA;AU A-68, 254;41.83425;-1.32
gasolinera_317;ZARAGOZA;CALLE JUAN CARLOS I REY DE ESPANA, 20;41.903278;-1.419667
gasolinera_318;ZARAGOZA;CARRETERA N-232 KM. 271,200;41.772806;-1.2168889999999999
gasolinera_319;ZARAGOZA;PG. CUNCHILLOS, S/N;41.906694;-1.714694
gasolinera_320;ZARAGOZA;VIA PERIMETRAL, S/N;41.912194;-1.255333
gasolinera_321;TOLEDO;AVENIDA IV CENTENARIO, 42;39.587694;-3.045194
gasolinera_322;TOLEDO;CR C-402, 106,3;39.616333000000004;-3.34575
gasolinera_324;VALENCIA / VALENCIA;CALLE BARRANCO, S/N;38.809416999999996;-0.8837780000000001
gasolinera_325;VALENCIA / VALENCIA;CV-405 km 17,5;39.348278;-0.611194
gasolinera_326;AVILA;AVENIDA MADRID, 4;40.657889000000004;-4.6921669999999995
gasolinera_327;BADAJOZ;CARRETERA GIJON-SEVILLA KM. 38;38.691944;-6.405556
gasolinera_328;BADAJOZ;PLAZA PLAZA DEL PILAR, S/N, S/N;38.874333;-6.9713059999999984
gasolinera_329;BADAJOZ;AVENIDA HISPANIDAD, 2;38.916028000000004;-6.361778
gasolinera_331;BADAJOZ;AVENIDA VEGAS ALTAS DE LAS, 120;38.963528000000004;-5.834306
gasolinera_332;BADAJOZ;CARRETERA LOBON LA ROCA KM. 5,300;38.902417;-6.608028
gasolinera_333;BADAJOZ;CALLE GUADIANA, S/N;38.418917;-6.404139
gasolinera_334;BADAJOZ;CARRETERA DE LA ALBUERA EX363 KM. 0,300;38.877167;-6.775861
gasolinera_335;BADAJOZ;PROLONGACIO/PROLONGACION RONDA OESTE, S/N;38.923306;-6.693472
gasolinera_336;BADAJOZ;CR N-630, 664,5;38.562694;-6.3500559999999995
gasolinera_337;BARCELONA;PASSEIG DE LA PAU, S/N;42.099194;1.8452220000000001
gasolinera_338;BARCELONA;AUTOVIA N-II KM. 573;41.582056;1.779611
gasolinera_339;BARCELONA;POLIG. IND. LES GARRIGUES, 24, C. BON AREA;41.733111;1.526815
gasolinera_340;BARCELONA;CARRETERA C-244C KM. 0,05;41.578722;1.6362219999999998
gasolinera_341;BARCELONA;AVINGUDA ZONA INDUSTRIAL, S/N;41.808056;2.104444
